{"properties":{"connectionReferences":{"shared_sharepointonline":{"runtimeSource":"invoker","connection":{"connectionReferenceLogicalName":"ya_sharedsharepointonline_cd279"},"api":{"name":"shared_sharepointonline"}}},"definition":{"$schema":"https://schema.management.azure.com/providers/Microsoft.Logic/schemas/2016-06-01/workflowdefinition.json#","contentVersion":"1.0.0.0","parameters":{"$connections":{"defaultValue":{},"type":"Object"},"$authentication":{"defaultValue":{},"type":"SecureObject"},"MySharepointSite":{"defaultValue":"https://yappf.sharepoint.com/sites/OdataTestTeam","type":"String","metadata":{"schemaName":"ya_MySharepointSite"}}},"triggers":{"manual":{"metadata":{"operationMetadataId":"1fb6798b-9386-4307-ae0f-930a8d8895f8"},"type":"Request","kind":"Button","inputs":{"schema":{"type":"object","properties":{},"required":[]}}}},"actions":{"複数の項目の取得":{"runAfter":{},"metadata":{"operationMetadataId":"760dab91-88f7-4245-a4cf-89ffaeb26809"},"type":"OpenApiConnection","inputs":{"host":{"connectionName":"shared_sharepointonline","operationId":"GetItems","apiId":"/providers/Microsoft.PowerApps/apis/shared_sharepointonline"},"parameters":{"dataset":"@parameters('MySharepointSite')","table":"6fc50986-2a0d-43fd-8085-2ddfba60c4f6","$filter":"not ( MyChoice ne null )","$top":1},"authentication":{"type":"Raw","value":"@json(decodeBase64(triggerOutputs().headers['X-MS-APIM-Tokens']))['$ConnectionKey']"}}}},"outputs":{}}},"schemaVersion":"1.0.0.0"}